C	score	target_system	training_systems
0.0010	0.7086	UFZ_Phenomenex	Eawag_XBridgeC18
0.0100	0.7086	UFZ_Phenomenex	Eawag_XBridgeC18
0.1000	0.8269	UFZ_Phenomenex	Eawag_XBridgeC18
1.0000	0.8466	UFZ_Phenomenex	Eawag_XBridgeC18
10.0000	0.8459	UFZ_Phenomenex	Eawag_XBridgeC18
100.0000	0.8333	UFZ_Phenomenex	Eawag_XBridgeC18
1000.0000	0.7533	UFZ_Phenomenex	Eawag_XBridgeC18
0.0010	0.7086	UFZ_Phenomenex	Eawag_XBridgeC18
0.0100	0.7086	UFZ_Phenomenex	Eawag_XBridgeC18
0.1000	0.8269	UFZ_Phenomenex	Eawag_XBridgeC18
1.0000	0.8466	UFZ_Phenomenex	Eawag_XBridgeC18
10.0000	0.8459	UFZ_Phenomenex	Eawag_XBridgeC18
100.0000	0.8333	UFZ_Phenomenex	Eawag_XBridgeC18
1000.0000	0.7533	UFZ_Phenomenex	Eawag_XBridgeC18
0.0010	0.7086	UFZ_Phenomenex	Eawag_XBridgeC18
0.0100	0.7086	UFZ_Phenomenex	Eawag_XBridgeC18
0.1000	0.8269	UFZ_Phenomenex	Eawag_XBridgeC18
1.0000	0.8466	UFZ_Phenomenex	Eawag_XBridgeC18
10.0000	0.8459	UFZ_Phenomenex	Eawag_XBridgeC18
100.0000	0.8333	UFZ_Phenomenex	Eawag_XBridgeC18
1000.0000	0.7533	UFZ_Phenomenex	Eawag_XBridgeC18
0.0010	0.7086	UFZ_Phenomenex	Eawag_XBridgeC18
0.0100	0.7086	UFZ_Phenomenex	Eawag_XBridgeC18
0.1000	0.8269	UFZ_Phenomenex	Eawag_XBridgeC18
1.0000	0.8466	UFZ_Phenomenex	Eawag_XBridgeC18
10.0000	0.8459	UFZ_Phenomenex	Eawag_XBridgeC18
100.0000	0.8333	UFZ_Phenomenex	Eawag_XBridgeC18
1000.0000	0.7533	UFZ_Phenomenex	Eawag_XBridgeC18
0.0010	0.7086	UFZ_Phenomenex	Eawag_XBridgeC18
0.0100	0.7086	UFZ_Phenomenex	Eawag_XBridgeC18
0.1000	0.8269	UFZ_Phenomenex	Eawag_XBridgeC18
1.0000	0.8466	UFZ_Phenomenex	Eawag_XBridgeC18
10.0000	0.8459	UFZ_Phenomenex	Eawag_XBridgeC18
100.0000	0.8333	UFZ_Phenomenex	Eawag_XBridgeC18
1000.0000	0.7533	UFZ_Phenomenex	Eawag_XBridgeC18
0.0010	0.7086	UFZ_Phenomenex	Eawag_XBridgeC18
0.0100	0.7086	UFZ_Phenomenex	Eawag_XBridgeC18
0.1000	0.8269	UFZ_Phenomenex	Eawag_XBridgeC18
1.0000	0.8466	UFZ_Phenomenex	Eawag_XBridgeC18
10.0000	0.8459	UFZ_Phenomenex	Eawag_XBridgeC18
100.0000	0.8333	UFZ_Phenomenex	Eawag_XBridgeC18
1000.0000	0.7533	UFZ_Phenomenex	Eawag_XBridgeC18
0.0010	0.7086	UFZ_Phenomenex	Eawag_XBridgeC18
0.0100	0.7086	UFZ_Phenomenex	Eawag_XBridgeC18
0.1000	0.8269	UFZ_Phenomenex	Eawag_XBridgeC18
1.0000	0.8466	UFZ_Phenomenex	Eawag_XBridgeC18
10.0000	0.8459	UFZ_Phenomenex	Eawag_XBridgeC18
100.0000	0.8333	UFZ_Phenomenex	Eawag_XBridgeC18
1000.0000	0.7533	UFZ_Phenomenex	Eawag_XBridgeC18
0.0010	0.7086	UFZ_Phenomenex	Eawag_XBridgeC18
0.0100	0.7086	UFZ_Phenomenex	Eawag_XBridgeC18
0.1000	0.8269	UFZ_Phenomenex	Eawag_XBridgeC18
1.0000	0.8466	UFZ_Phenomenex	Eawag_XBridgeC18
10.0000	0.8459	UFZ_Phenomenex	Eawag_XBridgeC18
100.0000	0.8333	UFZ_Phenomenex	Eawag_XBridgeC18
1000.0000	0.7533	UFZ_Phenomenex	Eawag_XBridgeC18
0.0010	0.7086	UFZ_Phenomenex	Eawag_XBridgeC18
0.0100	0.7086	UFZ_Phenomenex	Eawag_XBridgeC18
0.1000	0.8269	UFZ_Phenomenex	Eawag_XBridgeC18
1.0000	0.8466	UFZ_Phenomenex	Eawag_XBridgeC18
10.0000	0.8459	UFZ_Phenomenex	Eawag_XBridgeC18
100.0000	0.8333	UFZ_Phenomenex	Eawag_XBridgeC18
1000.0000	0.7533	UFZ_Phenomenex	Eawag_XBridgeC18
0.0010	0.7086	UFZ_Phenomenex	Eawag_XBridgeC18
0.0100	0.7086	UFZ_Phenomenex	Eawag_XBridgeC18
0.1000	0.8269	UFZ_Phenomenex	Eawag_XBridgeC18
1.0000	0.8466	UFZ_Phenomenex	Eawag_XBridgeC18
10.0000	0.8459	UFZ_Phenomenex	Eawag_XBridgeC18
100.0000	0.8333	UFZ_Phenomenex	Eawag_XBridgeC18
1000.0000	0.7533	UFZ_Phenomenex	Eawag_XBridgeC18
0.0010	0.7253	UFZ_Phenomenex	FEM_long
0.0100	0.7253	UFZ_Phenomenex	FEM_long
0.1000	0.8639	UFZ_Phenomenex	FEM_long
1.0000	0.9042	UFZ_Phenomenex	FEM_long
10.0000	0.9063	UFZ_Phenomenex	FEM_long
100.0000	0.9061	UFZ_Phenomenex	FEM_long
1000.0000	0.8087	UFZ_Phenomenex	FEM_long
0.0010	0.7253	UFZ_Phenomenex	FEM_long
0.0100	0.7253	UFZ_Phenomenex	FEM_long
0.1000	0.8639	UFZ_Phenomenex	FEM_long
1.0000	0.9042	UFZ_Phenomenex	FEM_long
10.0000	0.9063	UFZ_Phenomenex	FEM_long
100.0000	0.9061	UFZ_Phenomenex	FEM_long
1000.0000	0.8087	UFZ_Phenomenex	FEM_long
0.0010	0.7253	UFZ_Phenomenex	FEM_long
0.0100	0.7253	UFZ_Phenomenex	FEM_long
0.1000	0.8639	UFZ_Phenomenex	FEM_long
1.0000	0.9042	UFZ_Phenomenex	FEM_long
10.0000	0.9063	UFZ_Phenomenex	FEM_long
100.0000	0.9061	UFZ_Phenomenex	FEM_long
1000.0000	0.8087	UFZ_Phenomenex	FEM_long
0.0010	0.7253	UFZ_Phenomenex	FEM_long
0.0100	0.7253	UFZ_Phenomenex	FEM_long
0.1000	0.8639	UFZ_Phenomenex	FEM_long
1.0000	0.9042	UFZ_Phenomenex	FEM_long
10.0000	0.9063	UFZ_Phenomenex	FEM_long
100.0000	0.9061	UFZ_Phenomenex	FEM_long
1000.0000	0.8087	UFZ_Phenomenex	FEM_long
0.0010	0.7253	UFZ_Phenomenex	FEM_long
0.0100	0.7253	UFZ_Phenomenex	FEM_long
0.1000	0.8639	UFZ_Phenomenex	FEM_long
1.0000	0.9042	UFZ_Phenomenex	FEM_long
10.0000	0.9063	UFZ_Phenomenex	FEM_long
100.0000	0.9061	UFZ_Phenomenex	FEM_long
1000.0000	0.8087	UFZ_Phenomenex	FEM_long
0.0010	0.7253	UFZ_Phenomenex	FEM_long
0.0100	0.7253	UFZ_Phenomenex	FEM_long
0.1000	0.8639	UFZ_Phenomenex	FEM_long
1.0000	0.9042	UFZ_Phenomenex	FEM_long
10.0000	0.9063	UFZ_Phenomenex	FEM_long
100.0000	0.9061	UFZ_Phenomenex	FEM_long
1000.0000	0.8087	UFZ_Phenomenex	FEM_long
0.0010	0.7253	UFZ_Phenomenex	FEM_long
0.0100	0.7253	UFZ_Phenomenex	FEM_long
0.1000	0.8639	UFZ_Phenomenex	FEM_long
1.0000	0.9042	UFZ_Phenomenex	FEM_long
10.0000	0.9063	UFZ_Phenomenex	FEM_long
100.0000	0.9061	UFZ_Phenomenex	FEM_long
1000.0000	0.8087	UFZ_Phenomenex	FEM_long
0.0010	0.7253	UFZ_Phenomenex	FEM_long
0.0100	0.7253	UFZ_Phenomenex	FEM_long
0.1000	0.8639	UFZ_Phenomenex	FEM_long
1.0000	0.9042	UFZ_Phenomenex	FEM_long
10.0000	0.9063	UFZ_Phenomenex	FEM_long
100.0000	0.9061	UFZ_Phenomenex	FEM_long
1000.0000	0.8087	UFZ_Phenomenex	FEM_long
0.0010	0.7253	UFZ_Phenomenex	FEM_long
0.0100	0.7253	UFZ_Phenomenex	FEM_long
0.1000	0.8639	UFZ_Phenomenex	FEM_long
1.0000	0.9042	UFZ_Phenomenex	FEM_long
10.0000	0.9063	UFZ_Phenomenex	FEM_long
100.0000	0.9061	UFZ_Phenomenex	FEM_long
1000.0000	0.8087	UFZ_Phenomenex	FEM_long
0.0010	0.7253	UFZ_Phenomenex	FEM_long
0.0100	0.7253	UFZ_Phenomenex	FEM_long
0.1000	0.8639	UFZ_Phenomenex	FEM_long
1.0000	0.9042	UFZ_Phenomenex	FEM_long
10.0000	0.9063	UFZ_Phenomenex	FEM_long
100.0000	0.9061	UFZ_Phenomenex	FEM_long
1000.0000	0.8087	UFZ_Phenomenex	FEM_long
0.0010	0.7177	UFZ_Phenomenex	RIKEN
0.0100	0.7177	UFZ_Phenomenex	RIKEN
0.1000	0.8155	UFZ_Phenomenex	RIKEN
1.0000	0.8422	UFZ_Phenomenex	RIKEN
10.0000	0.8396	UFZ_Phenomenex	RIKEN
100.0000	0.8149	UFZ_Phenomenex	RIKEN
1000.0000	0.7236	UFZ_Phenomenex	RIKEN
0.0010	0.7177	UFZ_Phenomenex	RIKEN
0.0100	0.7177	UFZ_Phenomenex	RIKEN
0.1000	0.8155	UFZ_Phenomenex	RIKEN
1.0000	0.8422	UFZ_Phenomenex	RIKEN
10.0000	0.8396	UFZ_Phenomenex	RIKEN
100.0000	0.8149	UFZ_Phenomenex	RIKEN
1000.0000	0.7236	UFZ_Phenomenex	RIKEN
0.0010	0.7177	UFZ_Phenomenex	RIKEN
0.0100	0.7177	UFZ_Phenomenex	RIKEN
0.1000	0.8155	UFZ_Phenomenex	RIKEN
1.0000	0.8422	UFZ_Phenomenex	RIKEN
10.0000	0.8396	UFZ_Phenomenex	RIKEN
100.0000	0.8149	UFZ_Phenomenex	RIKEN
1000.0000	0.7236	UFZ_Phenomenex	RIKEN
0.0010	0.7177	UFZ_Phenomenex	RIKEN
0.0100	0.7177	UFZ_Phenomenex	RIKEN
0.1000	0.8155	UFZ_Phenomenex	RIKEN
1.0000	0.8422	UFZ_Phenomenex	RIKEN
10.0000	0.8396	UFZ_Phenomenex	RIKEN
100.0000	0.8149	UFZ_Phenomenex	RIKEN
1000.0000	0.7236	UFZ_Phenomenex	RIKEN
0.0010	0.7177	UFZ_Phenomenex	RIKEN
0.0100	0.7177	UFZ_Phenomenex	RIKEN
0.1000	0.8155	UFZ_Phenomenex	RIKEN
1.0000	0.8422	UFZ_Phenomenex	RIKEN
10.0000	0.8396	UFZ_Phenomenex	RIKEN
100.0000	0.8149	UFZ_Phenomenex	RIKEN
1000.0000	0.7236	UFZ_Phenomenex	RIKEN
0.0010	0.7177	UFZ_Phenomenex	RIKEN
0.0100	0.7177	UFZ_Phenomenex	RIKEN
0.1000	0.8155	UFZ_Phenomenex	RIKEN
1.0000	0.8422	UFZ_Phenomenex	RIKEN
10.0000	0.8396	UFZ_Phenomenex	RIKEN
100.0000	0.8149	UFZ_Phenomenex	RIKEN
1000.0000	0.7236	UFZ_Phenomenex	RIKEN
0.0010	0.7177	UFZ_Phenomenex	RIKEN
0.0100	0.7177	UFZ_Phenomenex	RIKEN
0.1000	0.8155	UFZ_Phenomenex	RIKEN
1.0000	0.8422	UFZ_Phenomenex	RIKEN
10.0000	0.8396	UFZ_Phenomenex	RIKEN
100.0000	0.8149	UFZ_Phenomenex	RIKEN
1000.0000	0.7236	UFZ_Phenomenex	RIKEN
0.0010	0.7177	UFZ_Phenomenex	RIKEN
0.0100	0.7177	UFZ_Phenomenex	RIKEN
0.1000	0.8155	UFZ_Phenomenex	RIKEN
1.0000	0.8422	UFZ_Phenomenex	RIKEN
10.0000	0.8396	UFZ_Phenomenex	RIKEN
100.0000	0.8149	UFZ_Phenomenex	RIKEN
1000.0000	0.7236	UFZ_Phenomenex	RIKEN
0.0010	0.7177	UFZ_Phenomenex	RIKEN
0.0100	0.7177	UFZ_Phenomenex	RIKEN
0.1000	0.8155	UFZ_Phenomenex	RIKEN
1.0000	0.8422	UFZ_Phenomenex	RIKEN
10.0000	0.8396	UFZ_Phenomenex	RIKEN
100.0000	0.8149	UFZ_Phenomenex	RIKEN
1000.0000	0.7236	UFZ_Phenomenex	RIKEN
0.0010	0.7177	UFZ_Phenomenex	RIKEN
0.0100	0.7177	UFZ_Phenomenex	RIKEN
0.1000	0.8155	UFZ_Phenomenex	RIKEN
1.0000	0.8422	UFZ_Phenomenex	RIKEN
10.0000	0.8396	UFZ_Phenomenex	RIKEN
100.0000	0.8149	UFZ_Phenomenex	RIKEN
1000.0000	0.7236	UFZ_Phenomenex	RIKEN
0.0010	0.7009	UFZ_Phenomenex	UFZ_Phenomenex
0.0100	0.7009	UFZ_Phenomenex	UFZ_Phenomenex
0.1000	0.7717	UFZ_Phenomenex	UFZ_Phenomenex
1.0000	0.7955	UFZ_Phenomenex	UFZ_Phenomenex
10.0000	0.7984	UFZ_Phenomenex	UFZ_Phenomenex
100.0000	0.7962	UFZ_Phenomenex	UFZ_Phenomenex
1000.0000	0.7175	UFZ_Phenomenex	UFZ_Phenomenex
0.0010	0.6957	UFZ_Phenomenex	UFZ_Phenomenex
0.0100	0.6957	UFZ_Phenomenex	UFZ_Phenomenex
0.1000	0.7707	UFZ_Phenomenex	UFZ_Phenomenex
1.0000	0.7974	UFZ_Phenomenex	UFZ_Phenomenex
10.0000	0.7888	UFZ_Phenomenex	UFZ_Phenomenex
100.0000	0.7859	UFZ_Phenomenex	UFZ_Phenomenex
1000.0000	0.7260	UFZ_Phenomenex	UFZ_Phenomenex
0.0010	0.6762	UFZ_Phenomenex	UFZ_Phenomenex
0.0100	0.6762	UFZ_Phenomenex	UFZ_Phenomenex
0.1000	0.7810	UFZ_Phenomenex	UFZ_Phenomenex
1.0000	0.8046	UFZ_Phenomenex	UFZ_Phenomenex
10.0000	0.8060	UFZ_Phenomenex	UFZ_Phenomenex
100.0000	0.7960	UFZ_Phenomenex	UFZ_Phenomenex
1000.0000	0.7011	UFZ_Phenomenex	UFZ_Phenomenex
0.0010	0.6683	UFZ_Phenomenex	UFZ_Phenomenex
0.0100	0.6683	UFZ_Phenomenex	UFZ_Phenomenex
0.1000	0.7682	UFZ_Phenomenex	UFZ_Phenomenex
1.0000	0.8103	UFZ_Phenomenex	UFZ_Phenomenex
10.0000	0.8103	UFZ_Phenomenex	UFZ_Phenomenex
100.0000	0.8081	UFZ_Phenomenex	UFZ_Phenomenex
1000.0000	0.6983	UFZ_Phenomenex	UFZ_Phenomenex
0.0010	0.6821	UFZ_Phenomenex	UFZ_Phenomenex
0.0100	0.6821	UFZ_Phenomenex	UFZ_Phenomenex
0.1000	0.7532	UFZ_Phenomenex	UFZ_Phenomenex
1.0000	0.7987	UFZ_Phenomenex	UFZ_Phenomenex
10.0000	0.7973	UFZ_Phenomenex	UFZ_Phenomenex
100.0000	0.7738	UFZ_Phenomenex	UFZ_Phenomenex
1000.0000	0.6935	UFZ_Phenomenex	UFZ_Phenomenex
0.0010	0.6702	UFZ_Phenomenex	UFZ_Phenomenex
0.0100	0.6702	UFZ_Phenomenex	UFZ_Phenomenex
0.1000	0.7450	UFZ_Phenomenex	UFZ_Phenomenex
1.0000	0.7892	UFZ_Phenomenex	UFZ_Phenomenex
10.0000	0.7849	UFZ_Phenomenex	UFZ_Phenomenex
100.0000	0.7699	UFZ_Phenomenex	UFZ_Phenomenex
1000.0000	0.6823	UFZ_Phenomenex	UFZ_Phenomenex
0.0010	0.6982	UFZ_Phenomenex	UFZ_Phenomenex
0.0100	0.6982	UFZ_Phenomenex	UFZ_Phenomenex
0.1000	0.7737	UFZ_Phenomenex	UFZ_Phenomenex
1.0000	0.8078	UFZ_Phenomenex	UFZ_Phenomenex
10.0000	0.8128	UFZ_Phenomenex	UFZ_Phenomenex
100.0000	0.7986	UFZ_Phenomenex	UFZ_Phenomenex
1000.0000	0.7011	UFZ_Phenomenex	UFZ_Phenomenex
0.0010	0.6579	UFZ_Phenomenex	UFZ_Phenomenex
0.0100	0.6579	UFZ_Phenomenex	UFZ_Phenomenex
0.1000	0.7664	UFZ_Phenomenex	UFZ_Phenomenex
1.0000	0.8193	UFZ_Phenomenex	UFZ_Phenomenex
10.0000	0.8164	UFZ_Phenomenex	UFZ_Phenomenex
100.0000	0.7964	UFZ_Phenomenex	UFZ_Phenomenex
1000.0000	0.6771	UFZ_Phenomenex	UFZ_Phenomenex
0.0010	0.6962	UFZ_Phenomenex	UFZ_Phenomenex
0.0100	0.6962	UFZ_Phenomenex	UFZ_Phenomenex
0.1000	0.7495	UFZ_Phenomenex	UFZ_Phenomenex
1.0000	0.7786	UFZ_Phenomenex	UFZ_Phenomenex
10.0000	0.7715	UFZ_Phenomenex	UFZ_Phenomenex
100.0000	0.7601	UFZ_Phenomenex	UFZ_Phenomenex
1000.0000	0.7119	UFZ_Phenomenex	UFZ_Phenomenex
0.0010	0.6757	UFZ_Phenomenex	UFZ_Phenomenex
0.0100	0.6757	UFZ_Phenomenex	UFZ_Phenomenex
0.1000	0.7810	UFZ_Phenomenex	UFZ_Phenomenex
1.0000	0.7924	UFZ_Phenomenex	UFZ_Phenomenex
10.0000	0.8010	UFZ_Phenomenex	UFZ_Phenomenex
100.0000	0.8046	UFZ_Phenomenex	UFZ_Phenomenex
1000.0000	0.6936	UFZ_Phenomenex	UFZ_Phenomenex
0.0010	0.6799	UFZ_Phenomenex	UFZ_Phenomenex
0.0100	0.6799	UFZ_Phenomenex	UFZ_Phenomenex
0.1000	0.7549	UFZ_Phenomenex	UFZ_Phenomenex
1.0000	0.7960	UFZ_Phenomenex	UFZ_Phenomenex
10.0000	0.7974	UFZ_Phenomenex	UFZ_Phenomenex
100.0000	0.7931	UFZ_Phenomenex	UFZ_Phenomenex
1000.0000	0.7001	UFZ_Phenomenex	UFZ_Phenomenex
0.0010	0.6840	UFZ_Phenomenex	UFZ_Phenomenex
0.0100	0.6840	UFZ_Phenomenex	UFZ_Phenomenex
0.1000	0.7590	UFZ_Phenomenex	UFZ_Phenomenex
1.0000	0.7980	UFZ_Phenomenex	UFZ_Phenomenex
10.0000	0.7973	UFZ_Phenomenex	UFZ_Phenomenex
100.0000	0.7843	UFZ_Phenomenex	UFZ_Phenomenex
1000.0000	0.7186	UFZ_Phenomenex	UFZ_Phenomenex
0.0010	0.6700	UFZ_Phenomenex	UFZ_Phenomenex
0.0100	0.6700	UFZ_Phenomenex	UFZ_Phenomenex
0.1000	0.7596	UFZ_Phenomenex	UFZ_Phenomenex
1.0000	0.8023	UFZ_Phenomenex	UFZ_Phenomenex
10.0000	0.8108	UFZ_Phenomenex	UFZ_Phenomenex
100.0000	0.7909	UFZ_Phenomenex	UFZ_Phenomenex
1000.0000	0.6999	UFZ_Phenomenex	UFZ_Phenomenex
0.0010	0.6745	UFZ_Phenomenex	UFZ_Phenomenex
0.0100	0.6745	UFZ_Phenomenex	UFZ_Phenomenex
0.1000	0.7721	UFZ_Phenomenex	UFZ_Phenomenex
1.0000	0.7913	UFZ_Phenomenex	UFZ_Phenomenex
10.0000	0.7942	UFZ_Phenomenex	UFZ_Phenomenex
100.0000	0.7892	UFZ_Phenomenex	UFZ_Phenomenex
1000.0000	0.7023	UFZ_Phenomenex	UFZ_Phenomenex
0.0010	0.6662	UFZ_Phenomenex	UFZ_Phenomenex
0.0100	0.6662	UFZ_Phenomenex	UFZ_Phenomenex
0.1000	0.7541	UFZ_Phenomenex	UFZ_Phenomenex
1.0000	0.8013	UFZ_Phenomenex	UFZ_Phenomenex
10.0000	0.8006	UFZ_Phenomenex	UFZ_Phenomenex
100.0000	0.7877	UFZ_Phenomenex	UFZ_Phenomenex
1000.0000	0.6876	UFZ_Phenomenex	UFZ_Phenomenex
0.0010	0.7066	UFZ_Phenomenex	UFZ_Phenomenex
0.0100	0.7066	UFZ_Phenomenex	UFZ_Phenomenex
0.1000	0.7728	UFZ_Phenomenex	UFZ_Phenomenex
1.0000	0.7977	UFZ_Phenomenex	UFZ_Phenomenex
10.0000	0.8041	UFZ_Phenomenex	UFZ_Phenomenex
100.0000	0.7963	UFZ_Phenomenex	UFZ_Phenomenex
1000.0000	0.7215	UFZ_Phenomenex	UFZ_Phenomenex
0.0010	0.6840	UFZ_Phenomenex	UFZ_Phenomenex
0.0100	0.6840	UFZ_Phenomenex	UFZ_Phenomenex
0.1000	0.7779	UFZ_Phenomenex	UFZ_Phenomenex
1.0000	0.8128	UFZ_Phenomenex	UFZ_Phenomenex
10.0000	0.8093	UFZ_Phenomenex	UFZ_Phenomenex
100.0000	0.8014	UFZ_Phenomenex	UFZ_Phenomenex
1000.0000	0.7082	UFZ_Phenomenex	UFZ_Phenomenex
0.0010	0.6759	UFZ_Phenomenex	UFZ_Phenomenex
0.0100	0.6759	UFZ_Phenomenex	UFZ_Phenomenex
0.1000	0.7685	UFZ_Phenomenex	UFZ_Phenomenex
1.0000	0.8070	UFZ_Phenomenex	UFZ_Phenomenex
10.0000	0.8006	UFZ_Phenomenex	UFZ_Phenomenex
100.0000	0.7970	UFZ_Phenomenex	UFZ_Phenomenex
1000.0000	0.7051	UFZ_Phenomenex	UFZ_Phenomenex
0.0010	0.6695	UFZ_Phenomenex	UFZ_Phenomenex
0.0100	0.6695	UFZ_Phenomenex	UFZ_Phenomenex
0.1000	0.7598	UFZ_Phenomenex	UFZ_Phenomenex
1.0000	0.7946	UFZ_Phenomenex	UFZ_Phenomenex
10.0000	0.7953	UFZ_Phenomenex	UFZ_Phenomenex
100.0000	0.7811	UFZ_Phenomenex	UFZ_Phenomenex
1000.0000	0.6859	UFZ_Phenomenex	UFZ_Phenomenex
0.0010	0.6724	UFZ_Phenomenex	UFZ_Phenomenex
0.0100	0.6724	UFZ_Phenomenex	UFZ_Phenomenex
0.1000	0.7569	UFZ_Phenomenex	UFZ_Phenomenex
1.0000	0.7882	UFZ_Phenomenex	UFZ_Phenomenex
10.0000	0.7783	UFZ_Phenomenex	UFZ_Phenomenex
100.0000	0.7740	UFZ_Phenomenex	UFZ_Phenomenex
1000.0000	0.6930	UFZ_Phenomenex	UFZ_Phenomenex
0.0010	0.6811	UFZ_Phenomenex	UFZ_Phenomenex
0.0100	0.6811	UFZ_Phenomenex	UFZ_Phenomenex
0.1000	0.7532	UFZ_Phenomenex	UFZ_Phenomenex
1.0000	0.7879	UFZ_Phenomenex	UFZ_Phenomenex
10.0000	0.7864	UFZ_Phenomenex	UFZ_Phenomenex
100.0000	0.7713	UFZ_Phenomenex	UFZ_Phenomenex
1000.0000	0.6955	UFZ_Phenomenex	UFZ_Phenomenex
0.0010	0.6763	UFZ_Phenomenex	UFZ_Phenomenex
0.0100	0.6763	UFZ_Phenomenex	UFZ_Phenomenex
0.1000	0.7753	UFZ_Phenomenex	UFZ_Phenomenex
1.0000	0.8230	UFZ_Phenomenex	UFZ_Phenomenex
10.0000	0.8165	UFZ_Phenomenex	UFZ_Phenomenex
100.0000	0.7782	UFZ_Phenomenex	UFZ_Phenomenex
1000.0000	0.6944	UFZ_Phenomenex	UFZ_Phenomenex
0.0010	0.6712	UFZ_Phenomenex	UFZ_Phenomenex
0.0100	0.6712	UFZ_Phenomenex	UFZ_Phenomenex
0.1000	0.7658	UFZ_Phenomenex	UFZ_Phenomenex
1.0000	0.7879	UFZ_Phenomenex	UFZ_Phenomenex
10.0000	0.7957	UFZ_Phenomenex	UFZ_Phenomenex
100.0000	0.7929	UFZ_Phenomenex	UFZ_Phenomenex
1000.0000	0.6911	UFZ_Phenomenex	UFZ_Phenomenex
0.0010	0.6912	UFZ_Phenomenex	UFZ_Phenomenex
0.0100	0.6912	UFZ_Phenomenex	UFZ_Phenomenex
0.1000	0.7760	UFZ_Phenomenex	UFZ_Phenomenex
1.0000	0.7889	UFZ_Phenomenex	UFZ_Phenomenex
10.0000	0.7939	UFZ_Phenomenex	UFZ_Phenomenex
100.0000	0.7924	UFZ_Phenomenex	UFZ_Phenomenex
1000.0000	0.7140	UFZ_Phenomenex	UFZ_Phenomenex
0.0010	0.6500	UFZ_Phenomenex	UFZ_Phenomenex
0.0100	0.6500	UFZ_Phenomenex	UFZ_Phenomenex
0.1000	0.7434	UFZ_Phenomenex	UFZ_Phenomenex
1.0000	0.7790	UFZ_Phenomenex	UFZ_Phenomenex
10.0000	0.7862	UFZ_Phenomenex	UFZ_Phenomenex
100.0000	0.7698	UFZ_Phenomenex	UFZ_Phenomenex
1000.0000	0.6807	UFZ_Phenomenex	UFZ_Phenomenex
0.0010	0.6598	UFZ_Phenomenex	UFZ_Phenomenex
0.0100	0.6598	UFZ_Phenomenex	UFZ_Phenomenex
0.1000	0.7537	UFZ_Phenomenex	UFZ_Phenomenex
1.0000	0.8078	UFZ_Phenomenex	UFZ_Phenomenex
10.0000	0.8093	UFZ_Phenomenex	UFZ_Phenomenex
100.0000	0.7979	UFZ_Phenomenex	UFZ_Phenomenex
1000.0000	0.6826	UFZ_Phenomenex	UFZ_Phenomenex
0.0010	0.6830	UFZ_Phenomenex	UFZ_Phenomenex
0.0100	0.6830	UFZ_Phenomenex	UFZ_Phenomenex
0.1000	0.7792	UFZ_Phenomenex	UFZ_Phenomenex
1.0000	0.8226	UFZ_Phenomenex	UFZ_Phenomenex
10.0000	0.8148	UFZ_Phenomenex	UFZ_Phenomenex
100.0000	0.8020	UFZ_Phenomenex	UFZ_Phenomenex
1000.0000	0.6944	UFZ_Phenomenex	UFZ_Phenomenex
0.0010	0.6842	UFZ_Phenomenex	UFZ_Phenomenex
0.0100	0.6842	UFZ_Phenomenex	UFZ_Phenomenex
0.1000	0.7541	UFZ_Phenomenex	UFZ_Phenomenex
1.0000	0.7940	UFZ_Phenomenex	UFZ_Phenomenex
10.0000	0.7919	UFZ_Phenomenex	UFZ_Phenomenex
100.0000	0.7926	UFZ_Phenomenex	UFZ_Phenomenex
1000.0000	0.7014	UFZ_Phenomenex	UFZ_Phenomenex
0.0010	0.6633	UFZ_Phenomenex	UFZ_Phenomenex
0.0100	0.6633	UFZ_Phenomenex	UFZ_Phenomenex
0.1000	0.7552	UFZ_Phenomenex	UFZ_Phenomenex
1.0000	0.8142	UFZ_Phenomenex	UFZ_Phenomenex
10.0000	0.8157	UFZ_Phenomenex	UFZ_Phenomenex
100.0000	0.8078	UFZ_Phenomenex	UFZ_Phenomenex
1000.0000	0.6797	UFZ_Phenomenex	UFZ_Phenomenex
0.0010	0.6814	UFZ_Phenomenex	UFZ_Phenomenex
0.0100	0.6814	UFZ_Phenomenex	UFZ_Phenomenex
0.1000	0.7520	UFZ_Phenomenex	UFZ_Phenomenex
1.0000	0.7997	UFZ_Phenomenex	UFZ_Phenomenex
10.0000	0.8019	UFZ_Phenomenex	UFZ_Phenomenex
100.0000	0.7840	UFZ_Phenomenex	UFZ_Phenomenex
1000.0000	0.7028	UFZ_Phenomenex	UFZ_Phenomenex
0.0010	0.6662	UFZ_Phenomenex	UFZ_Phenomenex
0.0100	0.6662	UFZ_Phenomenex	UFZ_Phenomenex
0.1000	0.7698	UFZ_Phenomenex	UFZ_Phenomenex
1.0000	0.8000	UFZ_Phenomenex	UFZ_Phenomenex
10.0000	0.7942	UFZ_Phenomenex	UFZ_Phenomenex
100.0000	0.7849	UFZ_Phenomenex	UFZ_Phenomenex
1000.0000	0.6906	UFZ_Phenomenex	UFZ_Phenomenex
0.0010	0.6662	UFZ_Phenomenex	UFZ_Phenomenex
0.0100	0.6662	UFZ_Phenomenex	UFZ_Phenomenex
0.1000	0.7717	UFZ_Phenomenex	UFZ_Phenomenex
1.0000	0.8280	UFZ_Phenomenex	UFZ_Phenomenex
10.0000	0.8353	UFZ_Phenomenex	UFZ_Phenomenex
100.0000	0.8085	UFZ_Phenomenex	UFZ_Phenomenex
1000.0000	0.6792	UFZ_Phenomenex	UFZ_Phenomenex
0.0010	0.6831	UFZ_Phenomenex	UFZ_Phenomenex
0.0100	0.6831	UFZ_Phenomenex	UFZ_Phenomenex
0.1000	0.7797	UFZ_Phenomenex	UFZ_Phenomenex
1.0000	0.8169	UFZ_Phenomenex	UFZ_Phenomenex
10.0000	0.8169	UFZ_Phenomenex	UFZ_Phenomenex
100.0000	0.8054	UFZ_Phenomenex	UFZ_Phenomenex
1000.0000	0.6953	UFZ_Phenomenex	UFZ_Phenomenex
0.0010	0.6826	UFZ_Phenomenex	UFZ_Phenomenex
0.0100	0.6826	UFZ_Phenomenex	UFZ_Phenomenex
0.1000	0.7504	UFZ_Phenomenex	UFZ_Phenomenex
1.0000	0.8024	UFZ_Phenomenex	UFZ_Phenomenex
10.0000	0.7960	UFZ_Phenomenex	UFZ_Phenomenex
100.0000	0.7817	UFZ_Phenomenex	UFZ_Phenomenex
1000.0000	0.6954	UFZ_Phenomenex	UFZ_Phenomenex
0.0010	0.6868	UFZ_Phenomenex	UFZ_Phenomenex
0.0100	0.6868	UFZ_Phenomenex	UFZ_Phenomenex
0.1000	0.7741	UFZ_Phenomenex	UFZ_Phenomenex
1.0000	0.8004	UFZ_Phenomenex	UFZ_Phenomenex
10.0000	0.7962	UFZ_Phenomenex	UFZ_Phenomenex
100.0000	0.7947	UFZ_Phenomenex	UFZ_Phenomenex
1000.0000	0.7045	UFZ_Phenomenex	UFZ_Phenomenex
0.0010	0.6600	UFZ_Phenomenex	UFZ_Phenomenex
0.0100	0.6600	UFZ_Phenomenex	UFZ_Phenomenex
0.1000	0.7584	UFZ_Phenomenex	UFZ_Phenomenex
1.0000	0.7962	UFZ_Phenomenex	UFZ_Phenomenex
10.0000	0.7983	UFZ_Phenomenex	UFZ_Phenomenex
100.0000	0.7962	UFZ_Phenomenex	UFZ_Phenomenex
1000.0000	0.6771	UFZ_Phenomenex	UFZ_Phenomenex
0.0010	0.7125	UFZ_Phenomenex	UFZ_Phenomenex
0.0100	0.7125	UFZ_Phenomenex	UFZ_Phenomenex
0.1000	0.7893	UFZ_Phenomenex	UFZ_Phenomenex
1.0000	0.8413	UFZ_Phenomenex	UFZ_Phenomenex
10.0000	0.8327	UFZ_Phenomenex	UFZ_Phenomenex
100.0000	0.8114	UFZ_Phenomenex	UFZ_Phenomenex
1000.0000	0.7281	UFZ_Phenomenex	UFZ_Phenomenex
0.0010	0.6648	UFZ_Phenomenex	UFZ_Phenomenex
0.0100	0.6648	UFZ_Phenomenex	UFZ_Phenomenex
0.1000	0.7582	UFZ_Phenomenex	UFZ_Phenomenex
1.0000	0.7946	UFZ_Phenomenex	UFZ_Phenomenex
10.0000	0.7960	UFZ_Phenomenex	UFZ_Phenomenex
100.0000	0.7803	UFZ_Phenomenex	UFZ_Phenomenex
1000.0000	0.6812	UFZ_Phenomenex	UFZ_Phenomenex
0.0010	0.6664	UFZ_Phenomenex	UFZ_Phenomenex
0.0100	0.6664	UFZ_Phenomenex	UFZ_Phenomenex
0.1000	0.7432	UFZ_Phenomenex	UFZ_Phenomenex
1.0000	0.7824	UFZ_Phenomenex	UFZ_Phenomenex
10.0000	0.7888	UFZ_Phenomenex	UFZ_Phenomenex
100.0000	0.7767	UFZ_Phenomenex	UFZ_Phenomenex
1000.0000	0.6785	UFZ_Phenomenex	UFZ_Phenomenex
0.0010	0.7007	UFZ_Phenomenex	UFZ_Phenomenex
0.0100	0.7007	UFZ_Phenomenex	UFZ_Phenomenex
0.1000	0.7943	UFZ_Phenomenex	UFZ_Phenomenex
1.0000	0.8236	UFZ_Phenomenex	UFZ_Phenomenex
10.0000	0.8193	UFZ_Phenomenex	UFZ_Phenomenex
100.0000	0.8164	UFZ_Phenomenex	UFZ_Phenomenex
1000.0000	0.7286	UFZ_Phenomenex	UFZ_Phenomenex
0.0010	0.6727	UFZ_Phenomenex	UFZ_Phenomenex
0.0100	0.6727	UFZ_Phenomenex	UFZ_Phenomenex
0.1000	0.7842	UFZ_Phenomenex	UFZ_Phenomenex
1.0000	0.8211	UFZ_Phenomenex	UFZ_Phenomenex
10.0000	0.8182	UFZ_Phenomenex	UFZ_Phenomenex
100.0000	0.8132	UFZ_Phenomenex	UFZ_Phenomenex
1000.0000	0.7002	UFZ_Phenomenex	UFZ_Phenomenex
0.0010	0.6474	UFZ_Phenomenex	UFZ_Phenomenex
0.0100	0.6474	UFZ_Phenomenex	UFZ_Phenomenex
0.1000	0.7500	UFZ_Phenomenex	UFZ_Phenomenex
1.0000	0.7854	UFZ_Phenomenex	UFZ_Phenomenex
10.0000	0.7811	UFZ_Phenomenex	UFZ_Phenomenex
100.0000	0.7731	UFZ_Phenomenex	UFZ_Phenomenex
1000.0000	0.6712	UFZ_Phenomenex	UFZ_Phenomenex
0.0010	0.7036	UFZ_Phenomenex	UFZ_Phenomenex
0.0100	0.7036	UFZ_Phenomenex	UFZ_Phenomenex
0.1000	0.7690	UFZ_Phenomenex	UFZ_Phenomenex
1.0000	0.7996	UFZ_Phenomenex	UFZ_Phenomenex
10.0000	0.7932	UFZ_Phenomenex	UFZ_Phenomenex
100.0000	0.7925	UFZ_Phenomenex	UFZ_Phenomenex
1000.0000	0.7207	UFZ_Phenomenex	UFZ_Phenomenex
0.0010	0.7082	UFZ_Phenomenex	UFZ_Phenomenex
0.0100	0.7082	UFZ_Phenomenex	UFZ_Phenomenex
0.1000	0.7722	UFZ_Phenomenex	UFZ_Phenomenex
1.0000	0.8157	UFZ_Phenomenex	UFZ_Phenomenex
10.0000	0.8192	UFZ_Phenomenex	UFZ_Phenomenex
100.0000	0.8043	UFZ_Phenomenex	UFZ_Phenomenex
1000.0000	0.7260	UFZ_Phenomenex	UFZ_Phenomenex
0.0010	0.6762	UFZ_Phenomenex	UFZ_Phenomenex
0.0100	0.6762	UFZ_Phenomenex	UFZ_Phenomenex
0.1000	0.7630	UFZ_Phenomenex	UFZ_Phenomenex
1.0000	0.7957	UFZ_Phenomenex	UFZ_Phenomenex
10.0000	0.7986	UFZ_Phenomenex	UFZ_Phenomenex
100.0000	0.7843	UFZ_Phenomenex	UFZ_Phenomenex
1000.0000	0.6911	UFZ_Phenomenex	UFZ_Phenomenex
0.0010	0.7049	UFZ_Phenomenex	UFZ_Phenomenex
0.0100	0.7049	UFZ_Phenomenex	UFZ_Phenomenex
0.1000	0.7705	UFZ_Phenomenex	UFZ_Phenomenex
1.0000	0.8076	UFZ_Phenomenex	UFZ_Phenomenex
10.0000	0.8004	UFZ_Phenomenex	UFZ_Phenomenex
100.0000	0.7983	UFZ_Phenomenex	UFZ_Phenomenex
1000.0000	0.7220	UFZ_Phenomenex	UFZ_Phenomenex
0.0010	0.6848	UFZ_Phenomenex	UFZ_Phenomenex
0.0100	0.6848	UFZ_Phenomenex	UFZ_Phenomenex
0.1000	0.7720	UFZ_Phenomenex	UFZ_Phenomenex
1.0000	0.7991	UFZ_Phenomenex	UFZ_Phenomenex
10.0000	0.7949	UFZ_Phenomenex	UFZ_Phenomenex
100.0000	0.7827	UFZ_Phenomenex	UFZ_Phenomenex
1000.0000	0.7062	UFZ_Phenomenex	UFZ_Phenomenex
0.0010	0.6590	UFZ_Phenomenex	UFZ_Phenomenex
0.0100	0.6590	UFZ_Phenomenex	UFZ_Phenomenex
0.1000	0.7570	UFZ_Phenomenex	UFZ_Phenomenex
1.0000	0.8099	UFZ_Phenomenex	UFZ_Phenomenex
10.0000	0.8091	UFZ_Phenomenex	UFZ_Phenomenex
100.0000	0.7891	UFZ_Phenomenex	UFZ_Phenomenex
1000.0000	0.6791	UFZ_Phenomenex	UFZ_Phenomenex
0.0010	0.6571	UFZ_Phenomenex	UFZ_Phenomenex
0.0100	0.6571	UFZ_Phenomenex	UFZ_Phenomenex
0.1000	0.7752	UFZ_Phenomenex	UFZ_Phenomenex
1.0000	0.8196	UFZ_Phenomenex	UFZ_Phenomenex
10.0000	0.8125	UFZ_Phenomenex	UFZ_Phenomenex
100.0000	0.8110	UFZ_Phenomenex	UFZ_Phenomenex
1000.0000	0.6779	UFZ_Phenomenex	UFZ_Phenomenex
0.0010	0.6926	UFZ_Phenomenex	UFZ_Phenomenex
0.0100	0.6926	UFZ_Phenomenex	UFZ_Phenomenex
0.1000	0.7718	UFZ_Phenomenex	UFZ_Phenomenex
1.0000	0.8039	UFZ_Phenomenex	UFZ_Phenomenex
10.0000	0.7967	UFZ_Phenomenex	UFZ_Phenomenex
100.0000	0.7874	UFZ_Phenomenex	UFZ_Phenomenex
1000.0000	0.7211	UFZ_Phenomenex	UFZ_Phenomenex
0.0010	0.6606	UFZ_Phenomenex	UFZ_Phenomenex
0.0100	0.6606	UFZ_Phenomenex	UFZ_Phenomenex
0.1000	0.7422	UFZ_Phenomenex	UFZ_Phenomenex
1.0000	0.7819	UFZ_Phenomenex	UFZ_Phenomenex
10.0000	0.7834	UFZ_Phenomenex	UFZ_Phenomenex
100.0000	0.7697	UFZ_Phenomenex	UFZ_Phenomenex
1000.0000	0.6809	UFZ_Phenomenex	UFZ_Phenomenex
0.0010	0.6874	UFZ_Phenomenex	UFZ_Phenomenex
0.0100	0.6874	UFZ_Phenomenex	UFZ_Phenomenex
0.1000	0.7567	UFZ_Phenomenex	UFZ_Phenomenex
1.0000	0.7711	UFZ_Phenomenex	UFZ_Phenomenex
10.0000	0.7769	UFZ_Phenomenex	UFZ_Phenomenex
100.0000	0.7711	UFZ_Phenomenex	UFZ_Phenomenex
1000.0000	0.7097	UFZ_Phenomenex	UFZ_Phenomenex
0.0010	0.6769	UFZ_Phenomenex	UFZ_Phenomenex
0.0100	0.6769	UFZ_Phenomenex	UFZ_Phenomenex
0.1000	0.7701	UFZ_Phenomenex	UFZ_Phenomenex
1.0000	0.8093	UFZ_Phenomenex	UFZ_Phenomenex
10.0000	0.8007	UFZ_Phenomenex	UFZ_Phenomenex
100.0000	0.7957	UFZ_Phenomenex	UFZ_Phenomenex
1000.0000	0.7018	UFZ_Phenomenex	UFZ_Phenomenex
0.0010	0.7045	UFZ_Phenomenex	UFZ_Phenomenex
0.0100	0.7045	UFZ_Phenomenex	UFZ_Phenomenex
0.1000	0.7837	UFZ_Phenomenex	UFZ_Phenomenex
1.0000	0.8137	UFZ_Phenomenex	UFZ_Phenomenex
10.0000	0.7973	UFZ_Phenomenex	UFZ_Phenomenex
100.0000	0.7909	UFZ_Phenomenex	UFZ_Phenomenex
1000.0000	0.7259	UFZ_Phenomenex	UFZ_Phenomenex
0.0010	0.7131	UFZ_Phenomenex	UFZ_Phenomenex
0.0100	0.7131	UFZ_Phenomenex	UFZ_Phenomenex
0.1000	0.7884	UFZ_Phenomenex	UFZ_Phenomenex
1.0000	0.8239	UFZ_Phenomenex	UFZ_Phenomenex
10.0000	0.8203	UFZ_Phenomenex	UFZ_Phenomenex
100.0000	0.8111	UFZ_Phenomenex	UFZ_Phenomenex
1000.0000	0.7287	UFZ_Phenomenex	UFZ_Phenomenex
0.0010	0.6924	UFZ_Phenomenex	UFZ_Phenomenex
0.0100	0.6924	UFZ_Phenomenex	UFZ_Phenomenex
0.1000	0.7711	UFZ_Phenomenex	UFZ_Phenomenex
1.0000	0.8076	UFZ_Phenomenex	UFZ_Phenomenex
10.0000	0.8054	UFZ_Phenomenex	UFZ_Phenomenex
100.0000	0.7983	UFZ_Phenomenex	UFZ_Phenomenex
1000.0000	0.7182	UFZ_Phenomenex	UFZ_Phenomenex
0.0010	0.6626	UFZ_Phenomenex	UFZ_Phenomenex
0.0100	0.6626	UFZ_Phenomenex	UFZ_Phenomenex
0.1000	0.7520	UFZ_Phenomenex	UFZ_Phenomenex
1.0000	0.7877	UFZ_Phenomenex	UFZ_Phenomenex
10.0000	0.7806	UFZ_Phenomenex	UFZ_Phenomenex
100.0000	0.7748	UFZ_Phenomenex	UFZ_Phenomenex
1000.0000	0.6848	UFZ_Phenomenex	UFZ_Phenomenex
0.0010	0.6619	UFZ_Phenomenex	UFZ_Phenomenex
0.0100	0.6619	UFZ_Phenomenex	UFZ_Phenomenex
0.1000	0.7582	UFZ_Phenomenex	UFZ_Phenomenex
1.0000	0.8046	UFZ_Phenomenex	UFZ_Phenomenex
10.0000	0.8074	UFZ_Phenomenex	UFZ_Phenomenex
100.0000	0.8031	UFZ_Phenomenex	UFZ_Phenomenex
1000.0000	0.6862	UFZ_Phenomenex	UFZ_Phenomenex
0.0010	0.6964	UFZ_Phenomenex	UFZ_Phenomenex
0.0100	0.6964	UFZ_Phenomenex	UFZ_Phenomenex
0.1000	0.7743	UFZ_Phenomenex	UFZ_Phenomenex
1.0000	0.8064	UFZ_Phenomenex	UFZ_Phenomenex
10.0000	0.8114	UFZ_Phenomenex	UFZ_Phenomenex
100.0000	0.8000	UFZ_Phenomenex	UFZ_Phenomenex
1000.0000	0.7157	UFZ_Phenomenex	UFZ_Phenomenex
0.0010	0.7024	UFZ_Phenomenex	UFZ_Phenomenex
0.0100	0.7024	UFZ_Phenomenex	UFZ_Phenomenex
0.1000	0.7830	UFZ_Phenomenex	UFZ_Phenomenex
1.0000	0.7937	UFZ_Phenomenex	UFZ_Phenomenex
10.0000	0.8016	UFZ_Phenomenex	UFZ_Phenomenex
100.0000	0.8009	UFZ_Phenomenex	UFZ_Phenomenex
1000.0000	0.7223	UFZ_Phenomenex	UFZ_Phenomenex
0.0010	0.6751	UFZ_Phenomenex	UFZ_Phenomenex
0.0100	0.6751	UFZ_Phenomenex	UFZ_Phenomenex
0.1000	0.7668	UFZ_Phenomenex	UFZ_Phenomenex
1.0000	0.8224	UFZ_Phenomenex	UFZ_Phenomenex
10.0000	0.8166	UFZ_Phenomenex	UFZ_Phenomenex
100.0000	0.7942	UFZ_Phenomenex	UFZ_Phenomenex
1000.0000	0.6895	UFZ_Phenomenex	UFZ_Phenomenex
0.0010	0.6679	UFZ_Phenomenex	UFZ_Phenomenex
0.0100	0.6679	UFZ_Phenomenex	UFZ_Phenomenex
0.1000	0.7469	UFZ_Phenomenex	UFZ_Phenomenex
1.0000	0.7980	UFZ_Phenomenex	UFZ_Phenomenex
10.0000	0.7786	UFZ_Phenomenex	UFZ_Phenomenex
100.0000	0.7750	UFZ_Phenomenex	UFZ_Phenomenex
1000.0000	0.6830	UFZ_Phenomenex	UFZ_Phenomenex
0.0010	0.6819	UFZ_Phenomenex	UFZ_Phenomenex
0.0100	0.6819	UFZ_Phenomenex	UFZ_Phenomenex
0.1000	0.7744	UFZ_Phenomenex	UFZ_Phenomenex
1.0000	0.8050	UFZ_Phenomenex	UFZ_Phenomenex
10.0000	0.8007	UFZ_Phenomenex	UFZ_Phenomenex
100.0000	0.7957	UFZ_Phenomenex	UFZ_Phenomenex
1000.0000	0.7032	UFZ_Phenomenex	UFZ_Phenomenex
0.0010	0.6764	UFZ_Phenomenex	UFZ_Phenomenex
0.0100	0.6764	UFZ_Phenomenex	UFZ_Phenomenex
0.1000	0.7536	UFZ_Phenomenex	UFZ_Phenomenex
1.0000	0.7914	UFZ_Phenomenex	UFZ_Phenomenex
10.0000	0.7814	UFZ_Phenomenex	UFZ_Phenomenex
100.0000	0.7714	UFZ_Phenomenex	UFZ_Phenomenex
1000.0000	0.6964	UFZ_Phenomenex	UFZ_Phenomenex
0.0010	0.6853	UFZ_Phenomenex	UFZ_Phenomenex
0.0100	0.6853	UFZ_Phenomenex	UFZ_Phenomenex
0.1000	0.7582	UFZ_Phenomenex	UFZ_Phenomenex
1.0000	0.7947	UFZ_Phenomenex	UFZ_Phenomenex
10.0000	0.7883	UFZ_Phenomenex	UFZ_Phenomenex
100.0000	0.7811	UFZ_Phenomenex	UFZ_Phenomenex
1000.0000	0.7024	UFZ_Phenomenex	UFZ_Phenomenex
0.0010	0.6626	UFZ_Phenomenex	UFZ_Phenomenex
0.0100	0.6626	UFZ_Phenomenex	UFZ_Phenomenex
0.1000	0.7839	UFZ_Phenomenex	UFZ_Phenomenex
1.0000	0.8110	UFZ_Phenomenex	UFZ_Phenomenex
10.0000	0.8210	UFZ_Phenomenex	UFZ_Phenomenex
100.0000	0.8103	UFZ_Phenomenex	UFZ_Phenomenex
1000.0000	0.6833	UFZ_Phenomenex	UFZ_Phenomenex
0.0010	0.6690	UFZ_Phenomenex	UFZ_Phenomenex
0.0100	0.6690	UFZ_Phenomenex	UFZ_Phenomenex
0.1000	0.7725	UFZ_Phenomenex	UFZ_Phenomenex
1.0000	0.8046	UFZ_Phenomenex	UFZ_Phenomenex
10.0000	0.8103	UFZ_Phenomenex	UFZ_Phenomenex
100.0000	0.7946	UFZ_Phenomenex	UFZ_Phenomenex
1000.0000	0.6862	UFZ_Phenomenex	UFZ_Phenomenex
0.0010	0.6740	UFZ_Phenomenex	UFZ_Phenomenex
0.0100	0.6740	UFZ_Phenomenex	UFZ_Phenomenex
0.1000	0.7601	UFZ_Phenomenex	UFZ_Phenomenex
1.0000	0.8078	UFZ_Phenomenex	UFZ_Phenomenex
10.0000	0.8085	UFZ_Phenomenex	UFZ_Phenomenex
100.0000	0.8028	UFZ_Phenomenex	UFZ_Phenomenex
1000.0000	0.6875	UFZ_Phenomenex	UFZ_Phenomenex
0.0010	0.6705	UFZ_Phenomenex	UFZ_Phenomenex
0.0100	0.6705	UFZ_Phenomenex	UFZ_Phenomenex
0.1000	0.7546	UFZ_Phenomenex	UFZ_Phenomenex
1.0000	0.7767	UFZ_Phenomenex	UFZ_Phenomenex
10.0000	0.7775	UFZ_Phenomenex	UFZ_Phenomenex
100.0000	0.7618	UFZ_Phenomenex	UFZ_Phenomenex
1000.0000	0.6847	UFZ_Phenomenex	UFZ_Phenomenex
0.0010	0.7083	UFZ_Phenomenex	UFZ_Phenomenex
0.0100	0.7083	UFZ_Phenomenex	UFZ_Phenomenex
0.1000	0.7618	UFZ_Phenomenex	UFZ_Phenomenex
1.0000	0.7924	UFZ_Phenomenex	UFZ_Phenomenex
10.0000	0.7924	UFZ_Phenomenex	UFZ_Phenomenex
100.0000	0.7746	UFZ_Phenomenex	UFZ_Phenomenex
1000.0000	0.7126	UFZ_Phenomenex	UFZ_Phenomenex
0.0010	0.6515	UFZ_Phenomenex	UFZ_Phenomenex
0.0100	0.6515	UFZ_Phenomenex	UFZ_Phenomenex
0.1000	0.7173	UFZ_Phenomenex	UFZ_Phenomenex
1.0000	0.7816	UFZ_Phenomenex	UFZ_Phenomenex
10.0000	0.7809	UFZ_Phenomenex	UFZ_Phenomenex
100.0000	0.7563	UFZ_Phenomenex	UFZ_Phenomenex
1000.0000	0.6725	UFZ_Phenomenex	UFZ_Phenomenex
0.0010	0.6760	UFZ_Phenomenex	UFZ_Phenomenex
0.0100	0.6760	UFZ_Phenomenex	UFZ_Phenomenex
0.1000	0.7756	UFZ_Phenomenex	UFZ_Phenomenex
1.0000	0.7951	UFZ_Phenomenex	UFZ_Phenomenex
10.0000	0.7944	UFZ_Phenomenex	UFZ_Phenomenex
100.0000	0.7821	UFZ_Phenomenex	UFZ_Phenomenex
1000.0000	0.7027	UFZ_Phenomenex	UFZ_Phenomenex
0.0010	0.6951	UFZ_Phenomenex	UFZ_Phenomenex
0.0100	0.6951	UFZ_Phenomenex	UFZ_Phenomenex
0.1000	0.7584	UFZ_Phenomenex	UFZ_Phenomenex
1.0000	0.8074	UFZ_Phenomenex	UFZ_Phenomenex
10.0000	0.8053	UFZ_Phenomenex	UFZ_Phenomenex
100.0000	0.7825	UFZ_Phenomenex	UFZ_Phenomenex
1000.0000	0.7171	UFZ_Phenomenex	UFZ_Phenomenex
0.0010	0.6981	UFZ_Phenomenex	UFZ_Phenomenex
0.0100	0.6981	UFZ_Phenomenex	UFZ_Phenomenex
0.1000	0.7780	UFZ_Phenomenex	UFZ_Phenomenex
1.0000	0.8001	UFZ_Phenomenex	UFZ_Phenomenex
10.0000	0.7980	UFZ_Phenomenex	UFZ_Phenomenex
100.0000	0.7944	UFZ_Phenomenex	UFZ_Phenomenex
1000.0000	0.7202	UFZ_Phenomenex	UFZ_Phenomenex
0.0010	0.6733	UFZ_Phenomenex	UFZ_Phenomenex
0.0100	0.6733	UFZ_Phenomenex	UFZ_Phenomenex
0.1000	0.7555	UFZ_Phenomenex	UFZ_Phenomenex
1.0000	0.7970	UFZ_Phenomenex	UFZ_Phenomenex
10.0000	0.7956	UFZ_Phenomenex	UFZ_Phenomenex
100.0000	0.7827	UFZ_Phenomenex	UFZ_Phenomenex
1000.0000	0.6891	UFZ_Phenomenex	UFZ_Phenomenex
0.0010	0.6960	UFZ_Phenomenex	UFZ_Phenomenex
0.0100	0.6960	UFZ_Phenomenex	UFZ_Phenomenex
0.1000	0.7720	UFZ_Phenomenex	UFZ_Phenomenex
1.0000	0.8089	UFZ_Phenomenex	UFZ_Phenomenex
10.0000	0.7997	UFZ_Phenomenex	UFZ_Phenomenex
100.0000	0.7876	UFZ_Phenomenex	UFZ_Phenomenex
1000.0000	0.7195	UFZ_Phenomenex	UFZ_Phenomenex
0.0010	0.6768	UFZ_Phenomenex	UFZ_Phenomenex
0.0100	0.6768	UFZ_Phenomenex	UFZ_Phenomenex
0.1000	0.7749	UFZ_Phenomenex	UFZ_Phenomenex
1.0000	0.8018	UFZ_Phenomenex	UFZ_Phenomenex
10.0000	0.8011	UFZ_Phenomenex	UFZ_Phenomenex
100.0000	0.8018	UFZ_Phenomenex	UFZ_Phenomenex
1000.0000	0.7209	UFZ_Phenomenex	UFZ_Phenomenex
0.0010	0.6719	UFZ_Phenomenex	UFZ_Phenomenex
0.0100	0.6719	UFZ_Phenomenex	UFZ_Phenomenex
0.1000	0.7639	UFZ_Phenomenex	UFZ_Phenomenex
1.0000	0.8039	UFZ_Phenomenex	UFZ_Phenomenex
10.0000	0.8017	UFZ_Phenomenex	UFZ_Phenomenex
100.0000	0.7832	UFZ_Phenomenex	UFZ_Phenomenex
1000.0000	0.6969	UFZ_Phenomenex	UFZ_Phenomenex
0.0010	0.6769	UFZ_Phenomenex	UFZ_Phenomenex
0.0100	0.6769	UFZ_Phenomenex	UFZ_Phenomenex
0.1000	0.7495	UFZ_Phenomenex	UFZ_Phenomenex
1.0000	0.7815	UFZ_Phenomenex	UFZ_Phenomenex
10.0000	0.7794	UFZ_Phenomenex	UFZ_Phenomenex
100.0000	0.7786	UFZ_Phenomenex	UFZ_Phenomenex
1000.0000	0.6904	UFZ_Phenomenex	UFZ_Phenomenex
0.0010	0.6702	UFZ_Phenomenex	UFZ_Phenomenex
0.0100	0.6702	UFZ_Phenomenex	UFZ_Phenomenex
0.1000	0.7616	UFZ_Phenomenex	UFZ_Phenomenex
1.0000	0.8009	UFZ_Phenomenex	UFZ_Phenomenex
10.0000	0.7937	UFZ_Phenomenex	UFZ_Phenomenex
100.0000	0.7923	UFZ_Phenomenex	UFZ_Phenomenex
1000.0000	0.6952	UFZ_Phenomenex	UFZ_Phenomenex
0.0010	0.6819	UFZ_Phenomenex	UFZ_Phenomenex
0.0100	0.6819	UFZ_Phenomenex	UFZ_Phenomenex
0.1000	0.7703	UFZ_Phenomenex	UFZ_Phenomenex
1.0000	0.8101	UFZ_Phenomenex	UFZ_Phenomenex
10.0000	0.8152	UFZ_Phenomenex	UFZ_Phenomenex
100.0000	0.8022	UFZ_Phenomenex	UFZ_Phenomenex
1000.0000	0.7007	UFZ_Phenomenex	UFZ_Phenomenex
0.0010	0.6920	UFZ_Phenomenex	UFZ_Phenomenex
0.0100	0.6920	UFZ_Phenomenex	UFZ_Phenomenex
0.1000	0.7570	UFZ_Phenomenex	UFZ_Phenomenex
1.0000	0.7896	UFZ_Phenomenex	UFZ_Phenomenex
10.0000	0.7867	UFZ_Phenomenex	UFZ_Phenomenex
100.0000	0.7664	UFZ_Phenomenex	UFZ_Phenomenex
1000.0000	0.7050	UFZ_Phenomenex	UFZ_Phenomenex
0.0010	0.6595	UFZ_Phenomenex	UFZ_Phenomenex
0.0100	0.6595	UFZ_Phenomenex	UFZ_Phenomenex
0.1000	0.7557	UFZ_Phenomenex	UFZ_Phenomenex
1.0000	0.8006	UFZ_Phenomenex	UFZ_Phenomenex
10.0000	0.7956	UFZ_Phenomenex	UFZ_Phenomenex
100.0000	0.7877	UFZ_Phenomenex	UFZ_Phenomenex
1000.0000	0.6781	UFZ_Phenomenex	UFZ_Phenomenex
0.0010	0.6731	UFZ_Phenomenex	UFZ_Phenomenex
0.0100	0.6731	UFZ_Phenomenex	UFZ_Phenomenex
0.1000	0.7543	UFZ_Phenomenex	UFZ_Phenomenex
1.0000	0.8070	UFZ_Phenomenex	UFZ_Phenomenex
10.0000	0.7984	UFZ_Phenomenex	UFZ_Phenomenex
100.0000	0.7870	UFZ_Phenomenex	UFZ_Phenomenex
1000.0000	0.7016	UFZ_Phenomenex	UFZ_Phenomenex
0.0010	0.6999	UFZ_Phenomenex	UFZ_Phenomenex
0.0100	0.6999	UFZ_Phenomenex	UFZ_Phenomenex
0.1000	0.7783	UFZ_Phenomenex	UFZ_Phenomenex
1.0000	0.8197	UFZ_Phenomenex	UFZ_Phenomenex
10.0000	0.8182	UFZ_Phenomenex	UFZ_Phenomenex
100.0000	0.8140	UFZ_Phenomenex	UFZ_Phenomenex
1000.0000	0.7149	UFZ_Phenomenex	UFZ_Phenomenex
0.0010	0.6902	UFZ_Phenomenex	UFZ_Phenomenex
0.0100	0.6902	UFZ_Phenomenex	UFZ_Phenomenex
0.1000	0.7571	UFZ_Phenomenex	UFZ_Phenomenex
1.0000	0.7877	UFZ_Phenomenex	UFZ_Phenomenex
10.0000	0.7870	UFZ_Phenomenex	UFZ_Phenomenex
100.0000	0.7828	UFZ_Phenomenex	UFZ_Phenomenex
1000.0000	0.7001	UFZ_Phenomenex	UFZ_Phenomenex
0.0010	0.6907	UFZ_Phenomenex	UFZ_Phenomenex
0.0100	0.6907	UFZ_Phenomenex	UFZ_Phenomenex
0.1000	0.7684	UFZ_Phenomenex	UFZ_Phenomenex
1.0000	0.7812	UFZ_Phenomenex	UFZ_Phenomenex
10.0000	0.7769	UFZ_Phenomenex	UFZ_Phenomenex
100.0000	0.7741	UFZ_Phenomenex	UFZ_Phenomenex
1000.0000	0.7149	UFZ_Phenomenex	UFZ_Phenomenex
0.0010	0.7179	UFZ_Phenomenex	UFZ_Phenomenex
0.0100	0.7179	UFZ_Phenomenex	UFZ_Phenomenex
0.1000	0.7785	UFZ_Phenomenex	UFZ_Phenomenex
1.0000	0.8077	UFZ_Phenomenex	UFZ_Phenomenex
10.0000	0.8070	UFZ_Phenomenex	UFZ_Phenomenex
100.0000	0.7949	UFZ_Phenomenex	UFZ_Phenomenex
1000.0000	0.7301	UFZ_Phenomenex	UFZ_Phenomenex
0.0010	0.6880	UFZ_Phenomenex	UFZ_Phenomenex
0.0100	0.6880	UFZ_Phenomenex	UFZ_Phenomenex
0.1000	0.7584	UFZ_Phenomenex	UFZ_Phenomenex
1.0000	0.7953	UFZ_Phenomenex	UFZ_Phenomenex
10.0000	0.7946	UFZ_Phenomenex	UFZ_Phenomenex
100.0000	0.7783	UFZ_Phenomenex	UFZ_Phenomenex
1000.0000	0.7072	UFZ_Phenomenex	UFZ_Phenomenex
0.0010	0.6430	UFZ_Phenomenex	UFZ_Phenomenex
0.0100	0.6430	UFZ_Phenomenex	UFZ_Phenomenex
0.1000	0.7404	UFZ_Phenomenex	UFZ_Phenomenex
1.0000	0.7710	UFZ_Phenomenex	UFZ_Phenomenex
10.0000	0.7752	UFZ_Phenomenex	UFZ_Phenomenex
100.0000	0.7724	UFZ_Phenomenex	UFZ_Phenomenex
1000.0000	0.6664	UFZ_Phenomenex	UFZ_Phenomenex
0.0010	0.6707	UFZ_Phenomenex	UFZ_Phenomenex
0.0100	0.6707	UFZ_Phenomenex	UFZ_Phenomenex
0.1000	0.7536	UFZ_Phenomenex	UFZ_Phenomenex
1.0000	0.7860	UFZ_Phenomenex	UFZ_Phenomenex
10.0000	0.7810	UFZ_Phenomenex	UFZ_Phenomenex
100.0000	0.7831	UFZ_Phenomenex	UFZ_Phenomenex
1000.0000	0.6888	UFZ_Phenomenex	UFZ_Phenomenex
0.0010	0.6739	UFZ_Phenomenex	UFZ_Phenomenex
0.0100	0.6739	UFZ_Phenomenex	UFZ_Phenomenex
0.1000	0.7583	UFZ_Phenomenex	UFZ_Phenomenex
1.0000	0.7778	UFZ_Phenomenex	UFZ_Phenomenex
10.0000	0.7778	UFZ_Phenomenex	UFZ_Phenomenex
100.0000	0.7698	UFZ_Phenomenex	UFZ_Phenomenex
1000.0000	0.6970	UFZ_Phenomenex	UFZ_Phenomenex
0.0010	0.6600	UFZ_Phenomenex	UFZ_Phenomenex
0.0100	0.6600	UFZ_Phenomenex	UFZ_Phenomenex
0.1000	0.7741	UFZ_Phenomenex	UFZ_Phenomenex
1.0000	0.8140	UFZ_Phenomenex	UFZ_Phenomenex
10.0000	0.8140	UFZ_Phenomenex	UFZ_Phenomenex
100.0000	0.8026	UFZ_Phenomenex	UFZ_Phenomenex
1000.0000	0.6778	UFZ_Phenomenex	UFZ_Phenomenex
0.0010	0.6961	UFZ_Phenomenex	UFZ_Phenomenex
0.0100	0.6961	UFZ_Phenomenex	UFZ_Phenomenex
0.1000	0.7673	UFZ_Phenomenex	UFZ_Phenomenex
1.0000	0.8128	UFZ_Phenomenex	UFZ_Phenomenex
10.0000	0.8085	UFZ_Phenomenex	UFZ_Phenomenex
100.0000	0.7964	UFZ_Phenomenex	UFZ_Phenomenex
1000.0000	0.7132	UFZ_Phenomenex	UFZ_Phenomenex
0.0010	0.6803	UFZ_Phenomenex	UFZ_Phenomenex
0.0100	0.6803	UFZ_Phenomenex	UFZ_Phenomenex
0.1000	0.7783	UFZ_Phenomenex	UFZ_Phenomenex
1.0000	0.8054	UFZ_Phenomenex	UFZ_Phenomenex
10.0000	0.7976	UFZ_Phenomenex	UFZ_Phenomenex
100.0000	0.8011	UFZ_Phenomenex	UFZ_Phenomenex
1000.0000	0.7003	UFZ_Phenomenex	UFZ_Phenomenex
0.0010	0.6896	UFZ_Phenomenex	UFZ_Phenomenex
0.0100	0.6896	UFZ_Phenomenex	UFZ_Phenomenex
0.1000	0.7668	UFZ_Phenomenex	UFZ_Phenomenex
1.0000	0.8183	UFZ_Phenomenex	UFZ_Phenomenex
10.0000	0.8090	UFZ_Phenomenex	UFZ_Phenomenex
100.0000	0.7840	UFZ_Phenomenex	UFZ_Phenomenex
1000.0000	0.7096	UFZ_Phenomenex	UFZ_Phenomenex
0.0010	0.6714	UFZ_Phenomenex	UFZ_Phenomenex
0.0100	0.6714	UFZ_Phenomenex	UFZ_Phenomenex
0.1000	0.7639	UFZ_Phenomenex	UFZ_Phenomenex
1.0000	0.7987	UFZ_Phenomenex	UFZ_Phenomenex
10.0000	0.7973	UFZ_Phenomenex	UFZ_Phenomenex
100.0000	0.7916	UFZ_Phenomenex	UFZ_Phenomenex
1000.0000	0.6963	UFZ_Phenomenex	UFZ_Phenomenex
0.0010	0.6754	UFZ_Phenomenex	UFZ_Phenomenex
0.0100	0.6754	UFZ_Phenomenex	UFZ_Phenomenex
0.1000	0.7829	UFZ_Phenomenex	UFZ_Phenomenex
1.0000	0.8100	UFZ_Phenomenex	UFZ_Phenomenex
10.0000	0.8085	UFZ_Phenomenex	UFZ_Phenomenex
100.0000	0.7929	UFZ_Phenomenex	UFZ_Phenomenex
1000.0000	0.7004	UFZ_Phenomenex	UFZ_Phenomenex
0.0010	0.6909	UFZ_Phenomenex	UFZ_Phenomenex
0.0100	0.6909	UFZ_Phenomenex	UFZ_Phenomenex
0.1000	0.7742	UFZ_Phenomenex	UFZ_Phenomenex
1.0000	0.8262	UFZ_Phenomenex	UFZ_Phenomenex
10.0000	0.8234	UFZ_Phenomenex	UFZ_Phenomenex
100.0000	0.8006	UFZ_Phenomenex	UFZ_Phenomenex
1000.0000	0.7172	UFZ_Phenomenex	UFZ_Phenomenex
0.0010	0.6819	UFZ_Phenomenex	UFZ_Phenomenex
0.0100	0.6819	UFZ_Phenomenex	UFZ_Phenomenex
0.1000	0.7708	UFZ_Phenomenex	UFZ_Phenomenex
1.0000	0.8064	UFZ_Phenomenex	UFZ_Phenomenex
10.0000	0.8043	UFZ_Phenomenex	UFZ_Phenomenex
100.0000	0.8057	UFZ_Phenomenex	UFZ_Phenomenex
1000.0000	0.7018	UFZ_Phenomenex	UFZ_Phenomenex
0.0010	0.7187	UFZ_Phenomenex	LIFE_old
0.0100	0.7187	UFZ_Phenomenex	LIFE_old
0.1000	0.8452	UFZ_Phenomenex	LIFE_old
1.0000	0.8829	UFZ_Phenomenex	LIFE_old
10.0000	0.8856	UFZ_Phenomenex	LIFE_old
100.0000	0.8398	UFZ_Phenomenex	LIFE_old
1000.0000	0.7429	UFZ_Phenomenex	LIFE_old
0.0010	0.7187	UFZ_Phenomenex	LIFE_old
0.0100	0.7187	UFZ_Phenomenex	LIFE_old
0.1000	0.8452	UFZ_Phenomenex	LIFE_old
1.0000	0.8829	UFZ_Phenomenex	LIFE_old
10.0000	0.8856	UFZ_Phenomenex	LIFE_old
100.0000	0.8398	UFZ_Phenomenex	LIFE_old
1000.0000	0.7429	UFZ_Phenomenex	LIFE_old
0.0010	0.7187	UFZ_Phenomenex	LIFE_old
0.0100	0.7187	UFZ_Phenomenex	LIFE_old
0.1000	0.8452	UFZ_Phenomenex	LIFE_old
1.0000	0.8829	UFZ_Phenomenex	LIFE_old
10.0000	0.8856	UFZ_Phenomenex	LIFE_old
100.0000	0.8398	UFZ_Phenomenex	LIFE_old
1000.0000	0.7429	UFZ_Phenomenex	LIFE_old
0.0010	0.7187	UFZ_Phenomenex	LIFE_old
0.0100	0.7187	UFZ_Phenomenex	LIFE_old
0.1000	0.8452	UFZ_Phenomenex	LIFE_old
1.0000	0.8829	UFZ_Phenomenex	LIFE_old
10.0000	0.8856	UFZ_Phenomenex	LIFE_old
100.0000	0.8398	UFZ_Phenomenex	LIFE_old
1000.0000	0.7429	UFZ_Phenomenex	LIFE_old
0.0010	0.7187	UFZ_Phenomenex	LIFE_old
0.0100	0.7187	UFZ_Phenomenex	LIFE_old
0.1000	0.8452	UFZ_Phenomenex	LIFE_old
1.0000	0.8829	UFZ_Phenomenex	LIFE_old
10.0000	0.8856	UFZ_Phenomenex	LIFE_old
100.0000	0.8398	UFZ_Phenomenex	LIFE_old
1000.0000	0.7429	UFZ_Phenomenex	LIFE_old
0.0010	0.7187	UFZ_Phenomenex	LIFE_old
0.0100	0.7187	UFZ_Phenomenex	LIFE_old
0.1000	0.8452	UFZ_Phenomenex	LIFE_old
1.0000	0.8829	UFZ_Phenomenex	LIFE_old
10.0000	0.8856	UFZ_Phenomenex	LIFE_old
100.0000	0.8398	UFZ_Phenomenex	LIFE_old
1000.0000	0.7429	UFZ_Phenomenex	LIFE_old
0.0010	0.7187	UFZ_Phenomenex	LIFE_old
0.0100	0.7187	UFZ_Phenomenex	LIFE_old
0.1000	0.8452	UFZ_Phenomenex	LIFE_old
1.0000	0.8829	UFZ_Phenomenex	LIFE_old
10.0000	0.8856	UFZ_Phenomenex	LIFE_old
100.0000	0.8398	UFZ_Phenomenex	LIFE_old
1000.0000	0.7429	UFZ_Phenomenex	LIFE_old
0.0010	0.7187	UFZ_Phenomenex	LIFE_old
0.0100	0.7187	UFZ_Phenomenex	LIFE_old
0.1000	0.8452	UFZ_Phenomenex	LIFE_old
1.0000	0.8829	UFZ_Phenomenex	LIFE_old
10.0000	0.8856	UFZ_Phenomenex	LIFE_old
100.0000	0.8398	UFZ_Phenomenex	LIFE_old
1000.0000	0.7429	UFZ_Phenomenex	LIFE_old
0.0010	0.7187	UFZ_Phenomenex	LIFE_old
0.0100	0.7187	UFZ_Phenomenex	LIFE_old
0.1000	0.8452	UFZ_Phenomenex	LIFE_old
1.0000	0.8829	UFZ_Phenomenex	LIFE_old
10.0000	0.8856	UFZ_Phenomenex	LIFE_old
100.0000	0.8398	UFZ_Phenomenex	LIFE_old
1000.0000	0.7429	UFZ_Phenomenex	LIFE_old
0.0010	0.7187	UFZ_Phenomenex	LIFE_old
0.0100	0.7187	UFZ_Phenomenex	LIFE_old
0.1000	0.8452	UFZ_Phenomenex	LIFE_old
1.0000	0.8829	UFZ_Phenomenex	LIFE_old
10.0000	0.8856	UFZ_Phenomenex	LIFE_old
100.0000	0.8398	UFZ_Phenomenex	LIFE_old
1000.0000	0.7429	UFZ_Phenomenex	LIFE_old
